Width,Height,Roi.X1,Roi.Y1,Roi.X2,Roi.Y2,ClassId,Path
28,29,6,5,23,24,6,Train/6/00006_00011_00002.png
46,41,5,6,41,36,19,Train/19/00019_00002_00003.png
97,99,8,9,89,91,16,Train/16/00016_00001_00024.png
40,39,6,5,35,34,18,Train/18/00018_00013_00001.png
32,35,5,6,27,30,17,Train/17/00017_00026_00017.png
54,56,6,5,49,51,5,Train/5/00005_00038_00025.png
36,36,6,6,30,30,23,Train/23/00023_00000_00012.png
41,40,6,5,36,35,1,Train/1/00001_00047_00012.png
82,81,8,7,75,74,39,Train/39/00039_00000_00002.png
42,42,6,5,37,36,16,Train/16/00016_00007_00021.png
28,29,5,5,23,24,42,Train/42/00042_00007_00002.png
31,30,5,5,26,25,9,Train/9/00009_00043_00008.png
48,45,5,5,43,40,19,Train/19/00019_00006_00014.png
40,39,6,5,35,34,15,Train/15/00015_00017_00011.png
29,32,5,6,24,27,32,Train/32/00032_00004_00007.png
35,36,5,6,29,30,37,Train/37/00037_00003_00011.png
42,39,6,6,37,34,20,Train/20/00020_00003_00008.png
26,27,5,5,21,22,38,Train/38/00038_00042_00002.png
54,51,5,5,49,46,19,Train/19/00019_00004_00015.png
40,39,6,6,34,33,33,Train/33/00033_00012_00014.png
27,27,5,5,22,22,4,Train/4/00004_00014_00001.png
87,88,7,8,80,81,7,Train/7/00007_00006_00027.png
30,30,5,6,25,25,38,Train/38/00038_00012_00012.png
108,99,9,9,99,91,27,Train/27/00027_00002_00026.png
40,42,5,5,35,37,6,Train/6/00006_00002_00015.png
29,29,6,6,23,24,7,Train/7/00007_00045_00003.png
26,31,6,5,21,25,34,Train/34/00034_00000_00000.png
27,27,5,5,21,22,10,Train/10/00010_00064_00004.png
28,29,5,6,23,24,42,Train/42/00042_00002_00000.png
27,28,5,6,22,23,7,Train/7/00007_00040_00002.png
29,44,5,5,24,39,11,Train/11/00011_00028_00019.png
46,41,6,5,41,36,27,Train/27/00027_00002_00012.png
36,39,5,6,31,33,11,Train/11/00011_00037_00009.png
51,48,5,6,46,43,25,Train/25/00025_00005_00017.png
85,77,7,6,77,70,28,Train/28/00028_00014_00027.png
42,44,6,5,37,39,24,Train/24/00024_00008_00007.png
43,40,6,5,38,35,5,Train/5/00005_00028_00017.png
52,49,5,5,47,44,30,Train/30/00030_00005_00020.png
43,43,5,5,38,38,34,Train/34/00034_00013_00015.png
49,42,6,5,44,37,11,Train/11/00011_00027_00001.png
82,81,7,7,74,74,34,Train/34/00034_00004_00023.png
29,32,6,5,24,27,15,Train/15/00015_00014_00003.png
31,31,5,5,25,26,4,Train/4/00004_00010_00007.png
59,61,5,6,54,56,39,Train/39/00039_00008_00024.png
38,40,5,6,33,35,8,Train/8/00008_00014_00011.png
28,28,6,5,23,23,41,Train/41/00041_00001_00004.png
123,98,11,9,113,90,19,Train/19/00019_00002_00028.png
42,38,6,6,37,33,30,Train/30/00030_00005_00010.png
33,70,6,6,28,64,15,Train/15/00015_00001_00011.png
63,53,6,5,58,48,28,Train/28/00028_00010_00013.png
35,37,6,6,30,32,6,Train/6/00006_00010_00010.png
43,43,6,6,38,38,12,Train/12/00012_00031_00007.png
97,84,8,8,89,77,30,Train/30/00030_00004_00024.png
41,39,5,6,36,34,26,Train/26/00026_00016_00016.png
38,39,6,6,33,34,10,Train/10/00010_00023_00007.png
40,36,6,5,35,31,21,Train/21/00021_00001_00010.png
44,43,5,6,39,38,29,Train/29/00029_00008_00007.png
69,63,6,6,62,58,18,Train/18/00018_00025_00020.png
74,66,6,6,68,60,19,Train/19/00019_00001_00023.png
33,30,5,6,28,25,22,Train/22/00022_00009_00001.png
44,56,5,6,38,50,14,Train/14/00014_00014_00006.png
62,64,5,6,57,59,5,Train/5/00005_00032_00029.png
55,55,6,6,50,50,0,Train/0/00000_00002_00021.png
30,30,5,5,25,25,15,Train/15/00015_00019_00016.png
31,32,5,6,26,27,0,Train/0/00000_00002_00008.png
48,52,6,6,43,47,39,Train/39/00039_00002_00001.png
40,41,5,6,35,36,5,Train/5/00005_00052_00017.png
39,32,6,5,34,27,10,Train/10/00010_00061_00010.png
59,62,6,6,53,57,11,Train/11/00011_00037_00025.png
36,41,6,6,31,36,17,Train/17/00017_00014_00029.png
41,37,5,5,36,32,24,Train/24/00024_00004_00012.png
62,57,5,6,56,51,26,Train/26/00026_00014_00009.png
31,29,6,5,26,24,3,Train/3/00003_00046_00006.png
40,45,6,5,35,40,12,Train/12/00012_00033_00007.png
29,29,6,6,24,24,38,Train/38/00038_00063_00004.png
63,64,6,6,58,59,32,Train/32/00032_00004_00025.png
33,33,5,6,27,28,7,Train/7/00007_00030_00015.png
51,52,5,5,46,47,0,Train/0/00000_00003_00020.png
48,50,5,5,43,45,2,Train/2/00002_00038_00005.png
53,54,5,5,48,49,42,Train/42/00042_00000_00024.png
45,47,5,6,40,42,34,Train/34/00034_00009_00018.png
107,94,9,9,98,86,19,Train/19/00019_00000_00020.png
39,39,5,5,34,34,32,Train/32/00032_00006_00016.png
154,141,14,13,141,129,23,Train/23/00023_00008_00028.png
76,73,6,6,69,67,11,Train/11/00011_00013_00022.png
36,36,5,5,31,31,4,Train/4/00004_00040_00015.png
31,31,6,6,26,26,10,Train/10/00010_00030_00007.png
38,39,5,6,33,34,35,Train/35/00035_00022_00004.png
28,28,5,5,23,23,14,Train/14/00014_00017_00003.png
39,39,6,6,34,34,15,Train/15/00015_00017_00009.png
41,40,6,5,36,35,0,Train/0/00000_00003_00015.png
32,32,6,6,27,27,5,Train/5/00005_00043_00004.png
51,41,6,6,45,36,13,Train/13/00013_00032_00012.png
48,47,6,6,42,41,22,Train/22/00022_00010_00022.png
50,51,5,6,45,46,15,Train/15/00015_00008_00018.png
41,44,5,6,35,38,1,Train/1/00001_00056_00005.png
69,71,6,7,63,65,9,Train/9/00009_00028_00021.png
31,29,6,6,26,24,8,Train/8/00008_00015_00000.png
28,29,5,5,23,24,4,Train/4/00004_00050_00004.png
30,29,6,5,25,24,42,Train/42/00042_00006_00004.png
117,110,10,10,107,100,40,Train/40/00040_00004_00027.png
39,38,6,5,34,33,7,Train/7/00007_00037_00016.png
48,49,5,6,43,44,34,Train/34/00034_00006_00029.png
64,69,6,6,59,63,37,Train/37/00037_00006_00020.png
37,38,5,5,31,32,15,Train/15/00015_00004_00013.png
38,38,5,5,33,33,23,Train/23/00023_00009_00000.png
47,45,5,6,42,40,10,Train/10/00010_00031_00021.png
68,72,7,6,62,66,2,Train/2/00002_00020_00028.png
30,30,5,6,24,25,16,Train/16/00016_00007_00009.png
100,95,8,9,92,86,13,Train/13/00013_00061_00022.png
74,69,7,7,68,63,23,Train/23/00023_00004_00027.png
58,55,5,6,53,49,31,Train/31/00031_00009_00019.png
76,71,7,7,70,65,26,Train/26/00026_00014_00016.png
36,36,6,5,31,31,25,Train/25/00025_00031_00006.png
41,46,5,5,36,41,35,Train/35/00035_00037_00012.png
73,73,7,7,67,67,38,Train/38/00038_00059_00027.png
65,58,6,6,60,53,24,Train/24/00024_00007_00018.png
92,87,8,7,84,80,31,Train/31/00031_00013_00028.png
36,39,6,6,31,34,6,Train/6/00006_00010_00011.png
36,38,5,6,31,33,35,Train/35/00035_00021_00015.png
124,124,10,10,114,114,18,Train/18/00018_00019_00028.png
56,58,6,5,51,53,4,Train/4/00004_00013_00023.png
30,29,5,5,25,24,5,Train/5/00005_00003_00008.png
38,41,6,5,33,35,32,Train/32/00032_00005_00026.png
70,72,7,7,64,66,40,Train/40/00040_00010_00024.png
40,42,5,5,35,37,12,Train/12/00012_00015_00009.png
49,49,6,5,44,43,4,Train/4/00004_00042_00022.png
54,50,5,5,49,45,23,Train/23/00023_00005_00018.png
57,53,5,6,52,48,22,Train/22/00022_00003_00018.png
47,44,6,6,42,39,13,Train/13/00013_00063_00017.png
41,40,6,5,36,35,25,Train/25/00025_00023_00000.png
60,56,6,5,55,51,8,Train/8/00008_00002_00024.png
40,40,6,6,35,35,10,Train/10/00010_00012_00016.png
97,97,9,9,89,89,7,Train/7/00007_00016_00025.png
31,29,5,6,26,24,27,Train/27/00027_00002_00000.png
50,59,6,6,44,54,14,Train/14/00014_00014_00008.png
39,38,6,5,33,32,35,Train/35/00035_00032_00015.png
53,52,5,6,47,47,22,Train/22/00022_00010_00025.png
32,34,5,5,27,29,6,Train/6/00006_00003_00008.png
71,68,7,7,65,62,25,Train/25/00025_00035_00024.png
35,36,6,6,30,30,12,Train/12/00012_00055_00006.png
31,31,5,6,26,26,10,Train/10/00010_00060_00011.png
68,69,7,6,62,63,5,Train/5/00005_00051_00027.png
59,57,6,6,53,52,29,Train/29/00029_00007_00019.png
37,36,6,5,32,31,20,Train/20/00020_00009_00003.png
39,40,6,6,34,35,38,Train/38/00038_00064_00013.png
43,45,6,5,37,39,17,Train/17/00017_00031_00019.png
76,75,7,6,70,69,37,Train/37/00037_00001_00025.png
99,100,9,8,91,92,14,Train/14/00014_00023_00029.png
38,38,5,6,33,33,27,Train/27/00027_00001_00004.png
35,38,5,5,30,33,40,Train/40/00040_00010_00007.png
43,42,6,5,38,37,39,Train/39/00039_00006_00027.png
82,85,8,7,74,77,0,Train/0/00000_00006_00024.png
46,47,6,6,41,42,10,Train/10/00010_00043_00022.png
41,37,5,5,36,32,27,Train/27/00027_00006_00003.png
83,77,8,7,75,71,27,Train/27/00027_00000_00018.png
62,61,6,5,57,56,14,Train/14/00014_00016_00014.png
54,56,5,5,49,50,1,Train/1/00001_00032_00019.png
131,128,11,11,120,117,30,Train/30/00030_00011_00028.png
48,47,6,5,43,42,32,Train/32/00032_00007_00023.png
41,44,5,6,36,38,41,Train/41/00041_00002_00014.png
38,38,6,6,32,33,36,Train/36/00036_00008_00014.png
55,52,6,5,50,46,29,Train/29/00029_00004_00019.png
53,54,5,6,48,49,4,Train/4/00004_00028_00025.png
45,41,6,6,40,36,18,Train/18/00018_00039_00008.png
29,28,6,5,24,23,21,Train/21/00021_00010_00004.png
33,33,6,6,28,28,36,Train/36/00036_00004_00005.png
70,69,6,7,64,62,0,Train/0/00000_00003_00025.png
28,29,5,6,23,23,4,Train/4/00004_00064_00004.png
30,31,5,6,25,26,5,Train/5/00005_00043_00003.png
34,33,6,5,28,27,8,Train/8/00008_00009_00003.png
36,39,6,5,31,33,33,Train/33/00033_00021_00006.png
53,53,5,5,48,48,9,Train/9/00009_00004_00025.png
35,36,5,6,30,30,19,Train/19/00019_00003_00007.png
52,53,6,6,47,47,9,Train/9/00009_00016_00018.png
53,50,6,6,48,45,21,Train/21/00021_00010_00020.png
53,54,5,5,48,49,0,Train/0/00000_00003_00021.png
67,68,6,6,61,62,36,Train/36/00036_00010_00027.png
32,31,5,6,27,26,18,Train/18/00018_00024_00001.png
28,29,5,5,23,24,6,Train/6/00006_00010_00003.png
43,46,6,6,38,41,36,Train/36/00036_00004_00021.png
38,36,5,6,33,31,25,Train/25/00025_00042_00008.png
75,77,6,7,69,71,2,Train/2/00002_00034_00026.png
51,46,6,6,46,41,23,Train/23/00023_00006_00018.png
36,35,6,5,30,30,5,Train/5/00005_00001_00016.png
39,41,5,6,34,36,16,Train/16/00016_00002_00019.png
49,48,6,5,44,42,12,Train/12/00012_00007_00017.png
133,119,12,11,122,109,26,Train/26/00026_00015_00019.png
34,33,5,5,28,28,12,Train/12/00012_00049_00007.png
99,91,8,8,91,83,22,Train/22/00022_00004_00029.png
35,41,6,6,29,36,33,Train/33/00033_00017_00008.png
55,51,6,5,50,46,22,Train/22/00022_00008_00020.png
30,30,5,5,25,25,4,Train/4/00004_00065_00010.png
32,31,5,5,27,26,37,Train/37/00037_00002_00006.png
39,38,6,5,34,33,31,Train/31/00031_00022_00017.png
70,62,6,6,64,57,11,Train/11/00011_00027_00015.png
33,33,5,5,27,28,14,Train/14/00014_00006_00003.png
40,43,6,6,35,38,13,Train/13/00013_00011_00004.png
28,27,6,5,23,22,13,Train/13/00013_00021_00001.png
47,53,6,6,42,47,15,Train/15/00015_00014_00023.png
35,33,6,5,29,28,9,Train/9/00009_00048_00013.png
31,32,6,5,26,27,5,Train/5/00005_00042_00003.png
110,104,9,9,100,94,19,Train/19/00019_00003_00028.png
46,47,5,6,41,42,15,Train/15/00015_00008_00015.png
38,37,5,6,32,32,26,Train/26/00026_00009_00012.png
30,31,5,6,25,26,32,Train/32/00032_00001_00007.png
70,69,6,6,64,62,29,Train/29/00029_00007_00023.png
68,76,6,7,62,70,1,Train/1/00001_00055_00017.png
40,41,5,5,35,36,16,Train/16/00016_00002_00020.png
39,40,5,6,34,35,4,Train/4/00004_00001_00001.png
37,36,6,5,32,31,40,Train/40/00040_00009_00014.png
44,40,5,6,39,35,30,Train/30/00030_00003_00003.png
70,72,6,7,63,66,42,Train/42/00042_00000_00029.png
57,55,6,5,52,49,1,Train/1/00001_00001_00024.png
40,43,5,6,35,38,3,Train/3/00003_00016_00016.png
39,38,5,6,34,33,20,Train/20/00020_00003_00006.png
38,39,5,6,33,34,12,Train/12/00012_00051_00012.png
39,40,5,6,34,35,20,Train/20/00020_00009_00007.png
44,41,5,5,39,36,18,Train/18/00018_00027_00014.png
42,43,5,6,37,38,3,Train/3/00003_00026_00021.png
44,48,6,6,39,43,15,Train/15/00015_00007_00027.png
56,56,6,5,50,50,14,Train/14/00014_00018_00010.png
41,37,5,5,36,32,26,Train/26/00026_00004_00007.png
36,36,5,6,31,31,21,Train/21/00021_00006_00007.png
41,39,5,6,36,34,24,Train/24/00024_00007_00004.png
96,85,8,8,88,78,19,Train/19/00019_00006_00025.png
39,40,5,6,34,35,16,Train/16/00016_00004_00017.png
36,38,5,6,31,33,17,Train/17/00017_00022_00005.png
38,36,5,6,33,31,21,Train/21/00021_00001_00008.png
37,37,5,6,32,31,11,Train/11/00011_00020_00005.png
97,93,8,8,89,85,18,Train/18/00018_00017_00029.png
31,30,6,5,26,25,7,Train/7/00007_00012_00006.png
62,59,5,5,57,53,13,Train/13/00013_00010_00019.png
76,73,7,6,70,67,36,Train/36/00036_00005_00028.png
43,42,5,6,38,37,23,Train/23/00023_00013_00004.png
81,73,7,7,74,67,26,Train/26/00026_00004_00024.png
84,87,8,8,76,80,14,Train/14/00014_00019_00019.png
71,76,6,7,65,70,38,Train/38/00038_00009_00028.png
54,54,6,6,49,49,5,Train/5/00005_00043_00027.png
51,57,6,6,46,52,33,Train/33/00033_00003_00020.png
31,33,6,5,26,27,32,Train/32/00032_00005_00012.png
34,31,5,5,29,26,29,Train/29/00029_00005_00002.png
33,32,6,6,27,27,12,Train/12/00012_00013_00009.png
39,40,6,6,34,35,7,Train/7/00007_00026_00017.png
34,33,6,5,29,28,7,Train/7/00007_00010_00004.png
42,41,6,5,37,36,39,Train/39/00039_00008_00017.png
52,53,6,6,47,48,16,Train/16/00016_00010_00022.png
41,38,6,6,35,32,31,Train/31/00031_00001_00003.png
63,59,5,6,58,54,31,Train/31/00031_00012_00021.png
65,57,6,6,60,52,19,Train/19/00019_00000_00000.png
56,57,5,6,51,52,3,Train/3/00003_00041_00005.png
86,89,8,8,79,82,33,Train/33/00033_00001_00027.png
49,49,5,5,44,44,12,Train/12/00012_00062_00017.png
34,34,6,6,29,29,8,Train/8/00008_00039_00005.png
44,47,5,6,39,42,38,Train/38/00038_00064_00018.png
40,45,5,5,35,40,38,Train/38/00038_00043_00010.png
76,72,6,7,70,66,21,Train/21/00021_00009_00023.png
41,41,5,5,36,36,1,Train/1/00001_00064_00017.png
54,49,5,6,49,44,29,Train/29/00029_00002_00018.png
90,92,8,9,82,84,38,Train/38/00038_00002_00029.png
51,53,5,5,45,47,35,Train/35/00035_00029_00020.png
30,29,6,5,25,24,15,Train/15/00015_00016_00006.png
28,28,6,5,23,23,7,Train/7/00007_00044_00006.png
32,33,5,5,27,28,15,Train/15/00015_00016_00011.png
37,37,5,6,32,32,37,Train/37/00037_00002_00009.png
72,69,7,6,66,63,1,Train/1/00001_00033_00028.png
73,73,6,7,67,67,24,Train/24/00024_00001_00026.png
34,35,6,6,29,30,12,Train/12/00012_00063_00009.png
82,80,8,7,75,73,41,Train/41/00041_00000_00026.png
47,47,6,5,42,41,2,Train/2/00002_00059_00009.png
35,35,6,5,30,30,2,Train/2/00002_00002_00017.png
39,38,5,6,34,33,19,Train/19/00019_00006_00005.png
109,96,9,8,100,88,24,Train/24/00024_00003_00023.png
57,53,5,6,52,47,26,Train/26/00026_00009_00022.png
50,48,5,5,45,43,32,Train/32/00032_00001_00025.png
117,109,11,9,107,100,29,Train/29/00029_00004_00028.png
68,59,6,6,62,53,28,Train/28/00028_00007_00012.png
31,30,5,5,26,25,28,Train/28/00028_00015_00002.png
74,71,7,7,67,64,2,Train/2/00002_00010_00025.png
48,45,5,5,42,39,24,Train/24/00024_00004_00015.png
38,38,6,6,32,32,17,Train/17/00017_00010_00016.png
29,29,5,6,23,23,41,Train/41/00041_00004_00004.png
35,37,6,5,29,31,6,Train/6/00006_00005_00015.png
65,64,6,5,60,59,32,Train/32/00032_00006_00027.png
41,41,5,5,36,36,35,Train/35/00035_00014_00015.png
47,47,5,6,42,42,37,Train/37/00037_00000_00022.png
34,32,5,6,29,27,3,Train/3/00003_00024_00015.png
37,33,6,6,32,28,23,Train/23/00023_00006_00001.png
28,29,5,6,23,24,42,Train/42/00042_00001_00001.png
91,91,8,8,83,83,16,Train/16/00016_00000_00019.png
29,30,5,5,24,25,3,Train/3/00003_00025_00005.png
35,34,5,5,30,29,13,Train/13/00013_00027_00017.png
26,27,6,6,21,22,16,Train/16/00016_00011_00000.png
33,33,5,5,28,28,31,Train/31/00031_00011_00003.png
75,72,7,6,69,65,32,Train/32/00032_00007_00029.png
37,37,6,6,32,32,41,Train/41/00041_00000_00012.png
29,26,6,5,24,21,25,Train/25/00025_00039_00002.png
38,38,6,6,33,33,8,Train/8/00008_00004_00015.png
46,42,6,5,41,37,22,Train/22/00022_00008_00017.png
39,41,5,6,33,36,17,Train/17/00017_00004_00001.png
35,33,5,5,30,28,25,Train/25/00025_00039_00010.png
42,44,6,5,37,39,3,Train/3/00003_00043_00024.png
64,60,6,5,59,55,32,Train/32/00032_00002_00025.png
48,50,5,5,43,45,7,Train/7/00007_00027_00023.png
42,42,6,6,37,37,1,Train/1/00001_00009_00017.png
34,38,6,5,29,33,17,Train/17/00017_00014_00026.png
89,80,7,8,81,73,18,Train/18/00018_00008_00023.png
39,40,6,6,34,35,35,Train/35/00035_00028_00014.png
33,33,6,5,28,27,2,Train/2/00002_00055_00008.png
44,45,6,6,39,40,29,Train/29/00029_00007_00011.png
47,48,6,6,42,42,0,Train/0/00000_00000_00017.png
121,120,10,11,110,110,1,Train/1/00001_00015_00028.png
70,73,6,7,64,67,36,Train/36/00036_00002_00028.png
39,44,5,6,34,38,33,Train/33/00033_00021_00012.png
42,42,5,5,36,37,32,Train/32/00032_00004_00018.png
39,40,5,5,34,35,36,Train/36/00036_00010_00018.png
49,49,5,5,44,44,8,Train/8/00008_00018_00021.png
83,72,8,6,75,66,11,Train/11/00011_00038_00020.png
64,57,6,5,59,52,11,Train/11/00011_00038_00014.png
28,27,5,6,23,22,8,Train/8/00008_00021_00002.png
39,41,5,5,34,36,14,Train/14/00014_00009_00014.png
32,33,6,6,27,28,9,Train/9/00009_00035_00003.png
84,79,7,7,77,72,29,Train/29/00029_00002_00028.png
27,29,6,6,22,24,17,Train/17/00017_00033_00000.png
53,47,5,5,48,42,19,Train/19/00019_00002_00010.png
69,60,7,5,63,55,26,Train/26/00026_00016_00029.png
36,41,5,5,31,36,17,Train/17/00017_00032_00024.png
54,53,6,6,48,48,14,Train/14/00014_00005_00004.png
38,34,6,6,33,29,27,Train/27/00027_00007_00008.png
32,32,5,5,26,26,9,Train/9/00009_00048_00010.png
52,49,5,6,47,43,28,Train/28/00028_00001_00016.png
64,55,6,5,59,50,28,Train/28/00028_00009_00020.png
40,40,5,6,35,35,34,Train/34/00034_00002_00016.png
41,40,6,6,36,35,38,Train/38/00038_00009_00011.png
33,36,6,6,28,31,8,Train/8/00008_00018_00000.png
28,28,6,5,23,23,6,Train/6/00006_00007_00006.png
30,29,6,5,25,24,35,Train/35/00035_00031_00009.png
30,31,5,6,25,26,2,Train/2/00002_00024_00000.png
55,56,5,6,50,51,40,Train/40/00040_00006_00016.png
49,50,5,6,44,45,6,Train/6/00006_00011_00022.png
60,63,5,6,55,58,2,Train/2/00002_00062_00022.png
58,56,6,5,53,51,4,Train/4/00004_00045_00027.png
63,64,6,6,58,59,9,Train/9/00009_00014_00023.png
56,53,6,5,51,48,18,Train/18/00018_00023_00019.png
31,30,6,5,26,25,10,Train/10/00010_00043_00009.png
35,35,5,5,30,30,20,Train/20/00020_00008_00012.png
34,36,5,5,29,30,5,Train/5/00005_00011_00003.png
30,32,6,6,25,27,6,Train/6/00006_00002_00003.png
55,62,6,5,49,57,14,Train/14/00014_00014_00010.png
62,69,5,7,57,63,33,Train/33/00033_00003_00023.png
38,39,5,6,33,34,7,Train/7/00007_00033_00013.png
28,29,5,6,23,24,34,Train/34/00034_00001_00001.png
98,100,8,9,90,92,37,Train/37/00037_00005_00026.png
40,43,5,6,35,38,42,Train/42/00042_00002_00024.png
32,33,5,6,27,28,1,Train/1/00001_00044_00005.png
35,35,6,6,30,30,20,Train/20/00020_00008_00011.png
42,45,5,5,37,39,0,Train/0/00000_00006_00010.png
32,31,6,5,27,26,36,Train/36/00036_00005_00003.png
31,28,5,6,26,23,12,Train/12/00012_00004_00015.png
80,81,8,7,73,73,1,Train/1/00001_00029_00024.png
33,33,5,6,27,27,38,Train/38/00038_00046_00011.png
61,63,5,6,56,58,36,Train/36/00036_00012_00020.png
35,35,5,5,30,30,39,Train/39/00039_00003_00011.png
27,27,6,6,22,22,20,Train/20/00020_00007_00000.png
27,25,6,5,22,20,20,Train/20/00020_00006_00000.png
97,99,9,9,89,91,36,Train/36/00036_00006_00028.png
132,121,11,10,121,111,26,Train/26/00026_00000_00027.png
28,32,6,5,22,26,13,Train/13/00013_00023_00001.png
58,60,6,6,53,55,39,Train/39/00039_00007_00006.png
54,50,5,6,49,45,22,Train/22/00022_00003_00016.png
53,50,6,5,48,45,9,Train/9/00009_00000_00023.png
177,177,16,15,162,162,14,Train/14/00014_00013_00028.png
72,69,6,6,66,63,10,Train/10/00010_00057_00024.png
28,29,5,6,23,24,42,Train/42/00042_00000_00003.png
60,59,6,5,55,54,8,Train/8/00008_00029_00021.png
36,35,5,5,31,30,26,Train/26/00026_00009_00010.png
60,61,6,6,55,55,40,Train/40/00040_00009_00023.png
74,68,6,7,68,62,30,Train/30/00030_00002_00021.png
36,38,5,6,31,33,17,Train/17/00017_00003_00018.png
41,42,5,6,36,37,8,Train/8/00008_00037_00018.png
42,44,6,6,37,39,6,Train/6/00006_00003_00017.png
35,34,6,5,30,29,40,Train/40/00040_00007_00010.png
25,27,5,5,20,22,6,Train/6/00006_00008_00000.png
32,32,6,6,27,27,42,Train/42/00042_00006_00006.png
42,39,5,6,36,33,24,Train/24/00024_00006_00010.png
86,92,8,9,79,84,14,Train/14/00014_00021_00023.png
79,74,7,7,72,68,29,Train/29/00029_00004_00025.png
86,85,7,7,78,78,16,Train/16/00016_00013_00026.png
58,58,6,5,53,52,10,Train/10/00010_00063_00027.png
46,47,5,5,40,42,4,Train/4/00004_00013_00020.png
71,64,7,5,65,59,24,Train/24/00024_00004_00022.png
34,32,5,6,29,27,13,Train/13/00013_00012_00000.png
36,36,6,6,31,31,35,Train/35/00035_00039_00009.png
36,36,5,6,31,31,24,Train/24/00024_00005_00018.png
31,31,6,6,25,25,42,Train/42/00042_00005_00008.png
38,35,6,5,33,30,21,Train/21/00021_00005_00009.png
34,35,5,6,29,29,21,Train/21/00021_00007_00003.png
49,49,5,6,44,43,9,Train/9/00009_00001_00021.png
33,36,6,6,28,31,41,Train/41/00041_00001_00014.png
43,42,6,5,38,37,37,Train/37/00037_00000_00015.png
33,34,6,6,28,29,31,Train/31/00031_00013_00008.png
39,40,5,5,34,35,41,Train/41/00041_00003_00003.png
40,41,5,6,34,35,41,Train/41/00041_00005_00019.png
38,39,6,6,33,34,41,Train/41/00041_00004_00016.png
68,63,6,5,62,58,22,Train/22/00022_00002_00021.png
46,43,6,5,41,38,22,Train/22/00022_00000_00011.png
34,33,5,5,29,28,32,Train/32/00032_00001_00013.png
29,30,5,6,24,25,39,Train/39/00039_00006_00006.png
33,34,5,6,28,29,41,Train/41/00041_00007_00002.png
46,50,6,6,41,45,15,Train/15/00015_00013_00018.png
48,48,5,5,43,43,20,Train/20/00020_00008_00023.png
50,51,5,5,45,46,9,Train/9/00009_00013_00018.png
54,50,5,5,49,45,28,Train/28/00028_00011_00024.png
27,27,5,5,22,22,9,Train/9/00009_00034_00003.png
26,26,5,5,21,21,17,Train/17/00017_00004_00018.png
35,34,6,5,30,29,31,Train/31/00031_00021_00008.png
34,33,6,6,29,27,27,Train/27/00027_00005_00009.png
32,33,6,6,27,28,4,Train/4/00004_00045_00000.png
54,47,6,5,49,42,21,Train/21/00021_00002_00021.png
99,89,8,8,91,82,23,Train/23/00023_00005_00026.png
42,39,6,6,37,34,40,Train/40/00040_00000_00007.png
42,43,5,6,37,38,35,Train/35/00035_00015_00015.png
39,39,5,5,34,34,20,Train/20/00020_00009_00008.png
71,76,6,6,65,69,37,Train/37/00037_00006_00025.png
39,43,5,5,34,38,24,Train/24/00024_00008_00005.png
65,65,6,6,60,60,3,Train/3/00003_00012_00026.png
44,39,6,6,39,34,29,Train/29/00029_00005_00011.png
32,31,5,5,26,25,25,Train/25/00025_00006_00009.png
54,55,5,6,49,50,36,Train/36/00036_00008_00022.png
37,36,6,5,31,30,40,Train/40/00040_00002_00008.png
50,50,5,5,45,45,0,Train/0/00000_00003_00019.png
59,59,5,5,54,53,15,Train/15/00015_00017_00025.png
70,67,7,6,64,61,2,Train/2/00002_00037_00028.png
47,41,6,6,42,36,30,Train/30/00030_00003_00006.png
32,32,6,5,27,27,42,Train/42/00042_00007_00010.png
36,34,6,5,31,29,2,Train/2/00002_00010_00012.png
51,51,5,5,46,46,10,Train/10/00010_00052_00020.png
27,28,5,6,22,23,35,Train/35/00035_00013_00006.png
68,61,6,5,62,56,30,Train/30/00030_00005_00023.png
141,128,13,11,129,117,19,Train/19/00019_00003_00029.png
77,70,7,6,71,64,31,Train/31/00031_00018_00022.png
71,65,6,6,65,60,28,Train/28/00028_00002_00019.png
42,38,6,6,36,32,28,Train/28/00028_00015_00015.png
40,36,6,6,35,31,23,Train/23/00023_00002_00005.png
46,46,6,6,41,41,37,Train/37/00037_00000_00021.png
55,51,6,5,50,46,26,Train/26/00026_00007_00027.png
68,61,6,6,62,56,29,Train/29/00029_00008_00018.png
33,40,6,5,28,35,13,Train/13/00013_00046_00003.png
119,116,10,11,109,106,11,Train/11/00011_00032_00026.png
28,33,5,6,23,28,34,Train/34/00034_00006_00010.png
40,40,6,5,35,35,38,Train/38/00038_00045_00025.png
56,53,6,5,51,48,22,Train/22/00022_00008_00021.png
38,39,5,6,33,33,22,Train/22/00022_00012_00009.png
32,31,6,6,27,26,21,Train/21/00021_00001_00000.png
30,31,5,6,25,26,10,Train/10/00010_00028_00005.png
50,49,6,6,45,44,25,Train/25/00025_00006_00028.png
39,43,5,6,34,37,40,Train/40/00040_00010_00010.png
59,63,5,6,53,58,40,Train/40/00040_00011_00027.png
64,61,5,6,59,56,8,Train/8/00008_00002_00025.png
34,34,5,5,29,29,16,Train/16/00016_00005_00015.png
28,26,6,5,23,21,41,Train/41/00041_00005_00005.png
107,116,10,10,98,106,38,Train/38/00038_00064_00029.png
31,31,6,6,26,26,30,Train/30/00030_00006_00005.png
46,46,6,6,40,41,35,Train/35/00035_00000_00010.png
34,33,6,5,29,28,20,Train/20/00020_00004_00008.png
45,41,5,5,40,35,20,Train/20/00020_00010_00016.png
75,74,6,6,69,68,16,Train/16/00016_00008_00017.png
107,110,9,10,97,101,0,Train/0/00000_00004_00029.png
32,31,6,5,27,26,4,Train/4/00004_00029_00005.png
27,28,6,6,22,22,23,Train/23/00023_00000_00002.png
44,38,6,5,39,33,13,Train/13/00013_00031_00020.png
46,47,5,6,41,42,2,Train/2/00002_00053_00021.png
27,27,6,5,22,22,36,Train/36/00036_00009_00000.png
50,51,5,5,45,46,36,Train/36/00036_00011_00020.png
26,26,6,5,21,21,17,Train/17/00017_00023_00000.png
101,91,9,8,93,83,31,Train/31/00031_00014_00025.png
45,43,6,5,40,37,18,Train/18/00018_00036_00003.png
83,83,7,7,76,76,40,Train/40/00040_00002_00025.png
40,40,6,6,35,35,35,Train/35/00035_00015_00012.png
28,28,5,5,23,23,3,Train/3/00003_00001_00001.png
35,36,5,6,30,31,8,Train/8/00008_00040_00014.png
33,32,6,6,27,26,22,Train/22/00022_00008_00009.png
82,83,8,8,74,75,36,Train/36/00036_00011_00026.png
35,33,5,6,29,27,20,Train/20/00020_00010_00004.png
51,49,6,5,46,44,23,Train/23/00023_00016_00013.png
40,40,6,6,35,35,35,Train/35/00035_00000_00005.png
45,45,6,5,40,40,37,Train/37/00037_00005_00008.png
41,37,5,5,36,31,18,Train/18/00018_00017_00015.png
62,63,6,6,56,57,3,Train/3/00003_00013_00025.png
52,52,6,5,47,47,7,Train/7/00007_00031_00026.png
98,98,9,9,89,90,1,Train/1/00001_00003_00026.png
29,30,5,5,24,25,2,Train/2/00002_00014_00010.png
30,32,5,6,25,26,41,Train/41/00041_00006_00007.png
70,60,7,5,63,54,25,Train/25/00025_00007_00009.png
69,59,7,5,63,54,11,Train/11/00011_00020_00020.png
176,164,15,14,161,150,24,Train/24/00024_00004_00029.png
84,83,8,8,77,76,33,Train/33/00033_00013_00025.png
69,60,7,5,62,55,28,Train/28/00028_00001_00022.png
58,55,6,6,53,49,31,Train/31/00031_00001_00020.png
47,42,6,5,42,37,25,Train/25/00025_00020_00018.png
85,75,8,6,78,69,21,Train/21/00021_00006_00026.png
62,61,6,5,57,56,7,Train/7/00007_00007_00021.png
41,45,5,6,35,40,6,Train/6/00006_00008_00022.png
67,94,6,8,61,86,38,Train/38/00038_00052_00015.png
58,65,6,6,53,59,34,Train/34/00034_00005_00028.png
43,41,6,6,38,36,30,Train/30/00030_00004_00006.png
30,30,5,6,24,25,2,Train/2/00002_00055_00005.png
30,29,6,5,25,24,1,Train/1/00001_00034_00000.png
156,134,14,11,143,123,31,Train/31/00031_00025_00029.png
45,45,6,6,40,40,20,Train/20/00020_00008_00022.png
30,31,5,5,25,26,7,Train/7/00007_00034_00002.png
36,36,6,5,31,31,34,Train/34/00034_00012_00019.png
76,64,7,6,70,59,30,Train/30/00030_00000_00022.png
79,75,7,6,72,69,23,Train/23/00023_00016_00029.png
49,44,5,5,43,39,11,Train/11/00011_00009_00007.png
32,31,5,6,27,26,30,Train/30/00030_00014_00006.png
40,41,6,5,35,36,37,Train/37/00037_00006_00002.png
42,45,5,6,37,40,37,Train/37/00037_00006_00005.png
60,59,6,6,55,54,5,Train/5/00005_00030_00028.png
69,73,6,7,63,67,8,Train/8/00008_00014_00026.png
33,33,5,6,28,28,22,Train/22/00022_00011_00001.png
45,43,6,5,39,37,8,Train/8/00008_00030_00025.png
62,61,6,6,57,56,37,Train/37/00037_00003_00026.png
27,30,6,6,22,25,33,Train/33/00033_00015_00002.png
39,40,5,6,34,35,42,Train/42/00042_00004_00013.png
147,135,12,12,135,124,27,Train/27/00027_00000_00027.png
70,69,7,6,64,63,16,Train/16/00016_00008_00013.png
41,40,5,6,36,35,20,Train/20/00020_00002_00010.png
72,68,7,7,66,62,27,Train/27/00027_00000_00015.png
36,37,6,6,31,32,2,Train/2/00002_00028_00010.png
108,94,10,8,98,86,24,Train/24/00024_00006_00025.png
41,42,5,6,36,37,0,Train/0/00000_00000_00014.png
53,46,6,5,48,41,21,Train/21/00021_00008_00008.png
34,31,6,5,29,25,24,Train/24/00024_00006_00003.png
48,48,6,5,43,43,37,Train/37/00037_00005_00009.png
51,52,6,6,46,47,17,Train/17/00017_00017_00018.png
39,36,6,5,34,31,30,Train/30/00030_00002_00002.png
81,74,8,6,74,68,23,Train/23/00023_00010_00022.png
46,46,5,5,41,41,4,Train/4/00004_00040_00022.png
95,95,8,9,87,87,16,Train/16/00016_00000_00020.png
38,40,5,5,33,35,6,Train/6/00006_00012_00020.png
35,34,5,6,30,29,21,Train/21/00021_00001_00006.png
38,38,5,6,33,33,33,Train/33/00033_00012_00011.png
94,82,9,7,86,75,24,Train/24/00024_00007_00024.png
59,52,5,5,53,46,19,Train/19/00019_00002_00013.png
60,59,5,5,55,53,29,Train/29/00029_00007_00020.png
52,48,6,6,47,43,28,Train/28/00028_00011_00021.png
96,88,9,8,88,80,18,Train/18/00018_00011_00026.png
42,38,6,5,36,32,27,Train/27/00027_00007_00012.png
33,33,5,6,28,28,32,Train/32/00032_00001_00011.png
31,30,6,5,26,25,8,Train/8/00008_00033_00011.png
47,47,6,5,42,42,41,Train/41/00041_00003_00013.png
39,45,5,6,34,40,12,Train/12/00012_00064_00015.png
28,32,5,6,23,27,34,Train/34/00034_00006_00011.png
77,80,7,8,71,73,35,Train/35/00035_00010_00027.png
48,43,6,5,43,37,22,Train/22/00022_00006_00018.png
33,33,5,5,28,28,13,Train/13/00013_00069_00007.png
42,43,5,5,37,38,37,Train/37/00037_00006_00004.png
44,43,6,5,38,38,9,Train/9/00009_00013_00013.png
43,45,5,5,38,40,41,Train/41/00041_00001_00020.png
68,68,6,6,62,62,41,Train/41/00041_00003_00029.png
48,45,5,5,43,40,19,Train/19/00019_00004_00010.png
31,31,5,5,26,26,12,Train/12/00012_00041_00007.png
54,60,5,6,49,55,39,Train/39/00039_00002_00013.png
46,46,6,6,41,41,34,Train/34/00034_00001_00027.png
36,36,6,6,31,31,3,Train/3/00003_00039_00014.png
50,47,5,5,45,42,29,Train/29/00029_00006_00019.png
77,82,7,7,71,75,0,Train/0/00000_00004_00019.png
88,84,7,7,81,77,31,Train/31/00031_00010_00029.png
32,33,5,5,27,28,33,Train/33/00033_00019_00011.png
33,45,5,6,28,39,33,Train/33/00033_00018_00012.png
38,38,6,5,33,32,41,Train/41/00041_00000_00013.png
43,43,5,5,38,38,5,Train/5/00005_00016_00015.png
39,34,5,5,34,29,26,Train/26/00026_00004_00004.png
75,69,6,7,69,63,23,Train/23/00023_00015_00019.png
53,49,6,6,48,44,29,Train/29/00029_00004_00014.png
32,32,5,5,26,27,25,Train/25/00025_00016_00003.png
35,36,5,6,30,31,39,Train/39/00039_00005_00006.png
75,69,6,6,69,63,30,Train/30/00030_00010_00029.png
47,45,6,6,42,40,27,Train/27/00027_00004_00011.png
32,30,5,5,27,25,13,Train/13/00013_00031_00009.png
60,63,5,5,55,58,13,Train/13/00013_00050_00020.png
61,60,5,6,56,55,31,Train/31/00031_00023_00023.png
50,46,6,6,45,41,11,Train/11/00011_00029_00001.png
36,36,6,6,30,30,14,Train/14/00014_00001_00004.png
33,34,5,6,28,29,0,Train/0/00000_00001_00006.png
59,62,6,5,54,57,24,Train/24/00024_00001_00008.png
43,45,6,6,38,40,40,Train/40/00040_00007_00018.png
41,39,5,6,36,34,21,Train/21/00021_00003_00010.png
47,50,5,6,42,45,38,Train/38/00038_00066_00020.png
37,37,6,6,32,32,36,Train/36/00036_00000_00006.png
99,99,8,8,91,90,33,Train/33/00033_00009_00024.png
86,93,7,8,78,84,0,Train/0/00000_00004_00025.png
58,55,5,5,53,50,27,Train/27/00027_00006_00022.png
54,49,6,5,49,44,11,Train/11/00011_00031_00011.png
35,35,6,6,30,30,10,Train/10/00010_00050_00009.png
53,48,6,5,48,43,28,Train/28/00028_00012_00020.png
80,72,7,6,73,66,11,Train/11/00011_00022_00017.png
58,59,5,5,53,54,42,Train/42/00042_00003_00026.png
37,37,6,6,32,32,22,Train/22/00022_00011_00006.png
58,64,6,5,53,59,15,Train/15/00015_00015_00023.png
31,29,6,6,26,24,26,Train/26/00026_00009_00002.png
46,47,6,6,41,42,35,Train/35/00035_00004_00020.png
108,104,10,10,99,95,13,Train/13/00013_00054_00018.png
68,64,7,5,62,59,40,Train/40/00040_00000_00027.png
45,42,6,5,40,37,21,Train/21/00021_00007_00011.png
33,33,6,6,28,28,1,Train/1/00001_00065_00007.png
42,40,6,5,37,35,5,Train/5/00005_00036_00017.png
38,40,6,6,33,35,10,Train/10/00010_00065_00023.png
56,56,6,6,51,51,18,Train/18/00018_00036_00012.png
68,69,6,6,61,63,38,Train/38/00038_00023_00024.png
40,41,6,6,35,36,34,Train/34/00034_00008_00015.png
80,81,7,7,73,74,3,Train/3/00003_00021_00027.png
59,54,6,5,54,49,3,Train/3/00003_00033_00026.png
29,28,6,5,24,23,32,Train/32/00032_00002_00001.png
49,49,5,5,44,44,16,Train/16/00016_00002_00024.png
94,83,9,7,86,76,31,Train/31/00031_00000_00024.png
30,31,5,6,25,26,9,Train/9/00009_00022_00001.png
47,42,6,5,42,37,29,Train/29/00029_00002_00011.png
47,42,6,5,42,37,30,Train/30/00030_00009_00004.png
75,72,7,6,68,66,28,Train/28/00028_00005_00023.png
47,45,5,5,42,40,25,Train/25/00025_00010_00010.png
33,33,6,5,28,27,39,Train/39/00039_00006_00013.png
69,70,6,7,63,63,33,Train/33/00033_00005_00010.png
59,52,6,5,54,47,26,Train/26/00026_00014_00007.png
115,93,10,9,105,84,19,Train/19/00019_00002_00027.png
34,33,6,5,28,28,39,Train/39/00039_00008_00002.png
36,36,6,5,31,31,12,Train/12/00012_00003_00001.png
46,44,6,6,41,39,31,Train/31/00031_00016_00015.png
68,61,6,6,62,56,13,Train/13/00013_00044_00022.png
70,65,6,6,64,60,27,Train/27/00027_00004_00025.png
37,37,6,5,32,31,36,Train/36/00036_00011_00010.png
37,36,6,5,32,31,3,Train/3/00003_00004_00010.png
42,42,5,5,37,37,4,Train/4/00004_00065_00020.png
40,39,6,6,35,34,12,Train/12/00012_00016_00016.png
35,32,6,5,29,26,18,Train/18/00018_00034_00003.png
39,43,5,6,34,38,39,Train/39/00039_00004_00014.png
118,105,11,9,108,96,18,Train/18/00018_00005_00019.png
52,49,5,5,47,44,34,Train/34/00034_00002_00021.png
42,40,6,6,37,35,26,Train/26/00026_00001_00003.png
29,28,5,5,24,23,17,Train/17/00017_00024_00002.png
34,33,6,5,29,28,0,Train/0/00000_00001_00009.png
37,42,5,5,31,37,33,Train/33/00033_00015_00017.png
61,63,6,5,56,58,6,Train/6/00006_00013_00028.png
37,40,5,5,32,35,9,Train/9/00009_00024_00013.png
56,54,5,5,51,49,32,Train/32/00032_00001_00027.png
39,38,6,5,34,33,40,Train/40/00040_00006_00003.png
30,32,5,6,25,27,42,Train/42/00042_00007_00004.png
36,33,6,6,31,28,27,Train/27/00027_00002_00004.png
36,38,6,6,31,33,34,Train/34/00034_00001_00017.png
35,35,5,6,29,30,39,Train/39/00039_00005_00005.png
26,26,5,5,20,20,39,Train/39/00039_00004_00000.png
51,59,6,5,46,54,1,Train/1/00001_00028_00020.png
46,42,6,5,41,37,28,Train/28/00028_00006_00008.png
56,51,6,5,51,46,27,Train/27/00027_00007_00021.png
51,50,6,5,46,45,10,Train/10/00010_00030_00026.png
164,142,14,12,150,130,28,Train/28/00028_00008_00028.png
50,54,6,5,45,49,39,Train/39/00039_00002_00006.png
41,41,5,5,36,36,34,Train/34/00034_00009_00016.png
70,84,6,8,64,77,14,Train/14/00014_00014_00016.png
29,30,5,6,24,25,17,Train/17/00017_00001_00002.png
39,41,5,5,34,36,3,Train/3/00003_00010_00016.png
36,35,5,6,31,30,9,Train/9/00009_00027_00013.png
52,54,5,6,47,49,6,Train/6/00006_00000_00022.png
38,37,6,5,32,31,1,Train/1/00001_00068_00014.png
32,39,5,6,26,34,33,Train/33/00033_00017_00006.png
44,42,5,6,39,37,30,Train/30/00030_00014_00019.png
49,46,6,6,44,41,40,Train/40/00040_00000_00015.png
63,63,5,5,58,58,18,Train/18/00018_00022_00010.png
49,48,6,5,44,43,17,Train/17/00017_00022_00014.png
37,36,6,6,31,30,42,Train/42/00042_00005_00018.png
37,37,5,6,32,32,11,Train/11/00011_00016_00000.png
50,50,5,6,45,45,42,Train/42/00042_00004_00020.png
73,67,6,6,67,61,25,Train/25/00025_00036_00029.png
33,32,5,6,28,27,21,Train/21/00021_00003_00004.png
63,67,5,6,58,61,12,Train/12/00012_00049_00028.png
33,34,6,5,28,29,3,Train/3/00003_00040_00012.png
52,53,6,6,47,48,7,Train/7/00007_00012_00026.png
81,83,7,7,74,76,5,Train/5/00005_00015_00024.png
50,46,6,6,45,41,28,Train/28/00028_00012_00019.png
30,31,5,6,25,26,2,Train/2/00002_00025_00008.png
55,52,5,6,50,47,23,Train/23/00023_00003_00003.png
168,167,15,14,154,153,14,Train/14/00014_00004_00028.png
43,44,5,6,38,39,15,Train/15/00015_00008_00012.png
56,56,6,6,51,51,25,Train/25/00025_00023_00013.png
60,60,6,5,55,55,16,Train/16/00016_00000_00008.png
81,77,8,7,74,71,20,Train/20/00020_00002_00026.png
51,48,6,6,45,43,25,Train/25/00025_00033_00016.png
